<?xml version="1.0" encoding="UTF-8" ?>
<!DOCTYPE configuration
PUBLIC "-//mybatis.org//DTD Config 3.0//EN"
"http://mybatis.org/dtd/mybatis-3-config.dtd">
<configuration> 
<properties resource="sqlmapconfig/db.properties"/>
<!-- mybatis-3-config.dtd -->
<!-- ~.mybatis 패키지에서 ~.xml에 데이터를 주고 받을  ~DBBean.java 의 별칭 주는 곳 (alias 의 대소문자 주의) -->

<typeAliases>
	<typeAlias type="member.model.MemberDBBean" alias="MemberDTO"/>
	<typeAlias type="onlinecontent.model.OnlineContentDBBean" alias="OnlineContentDTO"/>
</typeAliases>
<environments default="development">
<environment id="development">
<transactionManager type="JDBC"/>
<dataSource type="POOLED">
<property name="driver" value="${driver}"/>
<property name="url" value="${url}"/>
<property name="username" value="${username}"/>
<property name="password" value="${password}"/>
</dataSource>
</environment>
</environments>
<mappers>
<!-- *.mybatis/*.xml mapper 추가하는 곳 -->
<mapper resource="member/mybatis/Member.xml"/>
<mapper resource="login/mybatis/Login.xml"/>
<mapper resource="category/mybatis/Category.xml"/>
<mapper resource="onlinecontent/mybatis/OnlineContent.xml"/>
<mapper resource="onlinecurriculum/mybatis/OnlineCurriculum.xml"/>
<mapper resource="onlinecurriculum/board/mybatis/OnlineCurriculumBoard.xml"/>
</mappers>
</configuration>
<!--  파일에 설정만 바꾸어 줌-->
